term_ID	description	frequency	plot_X	plot_Y	log_size	value	uniqueness	dispensability
GO:0005576	extracellular region	2.60815000059005	-0.497858741598282	-5.84680908042654	5.71732925644616	-3.46520532185632	0.999910138078878	0
GO:0035658	Mon1-Ccz1 complex	0.0121909582093153	4.1642713250388	4.6276661620416	3.38721180031373	-1.40815513388225	0.841317117877972	2.19e-5
GO:0005615	extracellular space	0.623098975579481	6.43181035614695	-0.767876534656713	5.09555638123519	-1.40815513388225	0.999927844519531	3.177e-5
GO:0016021	integral component of membrane	55.5735330797001	-3.95122919969133	5.24932409641356	7.04586390572789	-4.52460585001803	0.895318546935376	6.548e-5
GO:0071944	cell periphery	16.8258125088632	3.76177365913885	-4.53250727472821	6.5269720330768	-1.72873404593032	0.999864007567234	1.1698e-4
GO:0016020	membrane	62.6812717479594	-4.94230049289642	-4.28555251223959	7.09813369276151	-3.49219911665639	0.999780656991371	2.6288e-4
GO:0005886	plasma membrane	15.3904046858083	-6.02630546282864	1.10492150211994	6.48824603949702	-1.90284677101085	0.929702211651988	0.14178645
GO:0031224	intrinsic component of membrane	55.7540672696874	-3.63748071255286	3.86399854425373	7.04727245246645	-4.51229878266973	0.895275124602513	0.29755246
GO:0032580	Golgi cisterna membrane	0.0673852964843037	3.46018773574997	5.61819391674904	4.12959322836793	-1.40815513388225	0.703468588366659	0.37050326
